<?xml version="1.0"?>
<addon scheme="3.0">
   <id>hw_crisp</id>
   <version>2.1</version>
   <priority>700</priority>
   <position>0</position>
   <status>active</status>
   <has_icon>Y</has_icon>
   <default_language>en</default_language>
   <auto_install>MULTIVENDOR,ULTIMATE</auto_install>
   <supplier>Hungryweb</supplier>
   <supplier_link>https://www.hungryweb.net</supplier_link>
   <authors>
       <author>
           <name>Hungryweb</name>
           <email>info@hungryweb.net</email>
           <url>https://www.hungryweb.net</url>
       </author>
   </authors>
    <compatibility>
        <core_version>
            <min>4.3.1</min>
        </core_version>      
    </compatibility>
    <settings layout="separate" edition_type="ROOT,ULT:VENDOR">
        <sections>
            <section id="general">
                <items>
                    <item id="code">
                        <type>textarea</type>
                        <default_value/>
                    </item>
                </items>
            </section>
            <section id="license_updates">
                <items>
                    <item id="license">
                        <type>input</type>
                        <default_value/>
                    </item>
                    <item id="license_info">
                        <type>info</type>
                        <handler>fn_hw_aiden_license_info</handler>
                    </item>
                </items>
            </section>
            <section id="support">
                <items>                 
                    <item id="template">
                        <type>template</type>
                        <default_value>support.tpl</default_value>
                    </item>                 
                </items>                    
            </section>   
        </sections>
    </settings>
   <functions>
       <item for="install">fn_hw_crisp_install</item>
       <item for="uninstall">fn_hw_crisp_uninstall</item>
   </functions>
</addon>